department,address,coordinates
MOOREFIELD TOWNSHIP,"1616 MOOREFIELD RD, SPRINGFIELD, OHIO 45503","39.99559781788188, -83.76979634892804"
HARMONY TOWNSHIP,"11000 E NATIONAL RD, SOUTH VIENNA, OHIO 45369","39.92913063337014, -83.59893455084216"
SPRINGFIELD TWP STA 58,"2777 SPRINGFIELD-XENIA RD, SPRINGFIELD, OHIO 45506","39.886300926514856, -83.83888944019816"
SPRINGFIELD TWP STA 72,"3430 E NATIONAL RD, SPRINGFIELD, OHIO 45503","39.92376962833555, -83.75071194408494"
SPRINGFIELD TWP STA 56,"3650 W NATIONAL RD, SPRINGFIELD, OHIO 45504","39.92607799891622, -83.87754665807927"
BETHEL TWP STA 54,"170 E MAIN ST, DONNELSVILLE, OHIO 45319","39.91847084577337, -83.94235339607607"
BETHEL TWP STA 51,"3333 LAKE RD, MEDWAY, OHIO 45341","39.87919310681, -84.02320196707109"
SPRINGFIELD STA 1,"350 N FOUNTAIN AVE, SPRINGFIELD, OHIO 45504","39.928906265845555, -83.8095187760222"
SPRINGFIELD STA 4,"1565 LAGONDA AVE, SPRINGFIELD, OHIO 45503","39.93264443809439, -83.78487915225143"
SPRINGFIELD STA 5,"1707 COMMERCE RD, SPRINGFIELD, OHIO 45504","39.927693615546616, -83.83640942732133"
SPRINGFIELD STA 6,"3925 S CHARLESTON PIKE, SPRINGFIELD, OHIO 45502","39.908803599576295, -83.73634677848992"
SPRINGFIELD STA 7,"437 E HOME RD, SPRINGFIELD, OHIO 45503","39.95265971942535, -83.79954834906047"
SPRINGFIELD STA 8,"2040 S LIMESTONE ST, SPRINGFIELD, OHIO 45505","39.898581515172985, -83.81074930428713"
PIKE TOWNSHIP FIRE,"8440 TROY RD, NEW CARLISLE, OHIO 45344","39.992004037832004, -83.96191244593645"
GERMAN TOWNSHIP FIRE,"3940 LAWRENCEVILLE DR, SPRINGFIELD, OHIO 45504","39.98691681180745, -83.87656896515848"
NEW CARLISLE FIRE,"315 N CHURCH ST, NEW CARLISLE, OHIO 45344","39.940132677738745, -84.02629312186681"
HUSTEAD,"6215 SPRINGFIELD-XENIA RD, SPRINGFIELD, OHIO 45502","39.83672287102572, -83.86650661850125"
MAD RIVER TWP,"260 E MAIN ST, ENON, OHIO 45323","39.880191928723015, -83.93436608543094"
PITCHIN FIRE,"5467 SELMA RD, SPRINGFIELD, OHIO 45505","39.84164383184439, -83.76139996619813"
MADISON EMD 281,"91 STATE ROUTE 56 NW, LONDON, OHIO 43140","39.935045844030725, -83.49141410085979"
MADISON EMD 282,"6770 STATE ROUTE 38, LONDON, OHIO 43140","39.835861518278364, -83.46569114333667"
MECHANICSBURG FD,"18 N MAIN ST, MECHANICSBURG, OHIO 43044","40.07250484298503, -83.55626524521134"
URBANA FIRE,"107 E MARKET ST, URBANA, OHIO 43078","40.106753781871745, -83.75233183784849"
BETHEL TWP MIAMI CO,"8735 2ND ST, TIPP CITY, OHIO 45371","39.90166015371919, -84.08960239593611"
HUBER STA 22,"7008 BRANDT PIKE, HUBER HEIGHTS, OHIO 45424","39.8542900718709, -84.10831828828883"
HUBER STA 23,"7435 TROY PIKE, DAYTON, OHIO 45424","39.861278291858035, -84.13893240071893"
HUBER STA 25,"9975 OH-202, TIPP CITY, OHIO 45371","39.88553999332863, -84.13560022550578"
FAIRBORN STA 1,"495 N BROAD ST, FAIRBORN, OHIO 45324","39.829912676697305, -84.02419690129044"
FAIRBORN STA 2,"2200 COMMERCE CENTER BLVD, FAIRBORN, OHIO 45324","39.780338177609686, -83.99646531420899"
FAIRBORN STA 3,"1001 YELLOW SPRINGS-FAIRFIELD RD, FAIRBORN, OHIO 45324","39.82544877524594, -83.99890151060097"
FAIRBORN STA 4,"444 W FUNDERBURG RD, FAIRBORN, OHIO 45324","39.79049368067095, -84.03766896534673"
CEDARVILLE FIRE,"19 SOUTH STREET, CEDARVILLE, OHIO 45314","39.74350289711359, -83.80531317240329"
MIAMI TWP YELLOW SPRINGS,"101 E HERMAN ST, YELLOW SPRINGS, OHIO 45387","39.79752137803784, -83.89419289912132"
ELIZABETH TWP MIAMI CO,"2287 S CHILDRENS HOME RD, TROY, OHIO 45373","39.99554353642922,-84.14253727256377"
CENTRAL TWP FIRE STA 291,"75 MIDDLE ST SE, LONDON, OHIO 43140","39.9366066161656, -83.40496027435017"
CENTRAL TWP FIRE MADISON,"6770 OH-38, LONDON, OHIO 43140","39.835861518278364, -83.46569114333667"
MADISON TWP FIRE,"222 W COLUMBUS RD, SOUTH CHARLESTON, OHIO 45368","39.825915315037214, -83.63945270193801"
WRIGHT PATT STA 1,"39.82079684406582, -84.03765887668504","39.82085722805065, -84.03738872181307"
WRIGHT PATT STA 2,"39.778460378318954, -84.08531956624583","39.77845713857104, -84.08529904592763"
TIPP CITY FIRE,"520 W MAIN ST, TIPP CITY, OHIO 45371","39.96078147936749, -84.17930705324629"
PLEASANT TWP,"10 W Pleasant St, Catawba, OH 43010","39.998880289564596, -83.62175942686149"
URBANA FIRE,"107 E Market St, Urbana, OH 43078","40.10680360199435, -83.75231861864766"